orientation,context,font,phase,title_viewport_ltrb,ink_ltrb,horizontal_error_px,vertical_error_px
1,list,Kalam,before,193:41:902:193,203:44:574:190,-159.0,0.0
1,list,Kalam,after,193:41:902:193,361:43:732:190,-1.0,-0.5
1,playing-0,Kalam,before,165:35:774:166,174:37:493:163,-136.0,-0.5
1,playing-0,Kalam,after,165:35:774:166,310:37:629:163,0.0,-0.5
1,list,PatrickHand,before,193:41:902:193,200:44:537:190,-179.0,0.0
1,list,PatrickHand,after,193:41:902:193,378:44:715:191,-1.0,0.5
1,playing-0,PatrickHand,before,165:35:774:166,172:38:461:163,-153.0,0.0
1,playing-0,PatrickHand,after,165:35:774:166,325:38:614:164,0.0,0.5
1,list,Caveat,before,193:41:902:193,203:44:525:190,-183.5,0.0
1,list,Caveat,after,193:41:902:193,386:43:708:190,-0.5,-0.5
1,playing-0,Caveat,before,165:35:774:166,174:37:451:163,-157.0,-0.5
1,playing-0,Caveat,after,165:35:774:166,331:37:608:163,0.0,-0.5
1,list,NanumPenScript,before,193:41:902:193,203:44:575:190,-158.5,0.0
1,list,NanumPenScript,after,193:41:902:193,361:44:733:191,-0.5,0.5
1,playing-0,NanumPenScript,before,165:35:774:166,174:38:494:163,-135.5,0.0
1,playing-0,NanumPenScript,after,165:35:774:166,310:38:629:164,0.0,0.5
1,list,IndieFlower,before,193:41:902:193,204:44:472:190,-209.5,0.0
1,list,IndieFlower,after,193:41:902:193,413:44:681:190,-0.5,0.0
1,playing-0,IndieFlower,before,165:35:774:166,175:38:405:163,-179.5,0.0
1,playing-0,IndieFlower,after,165:35:774:166,355:38:584:163,0.0,0.0
1,list,GloriaHallelujah,before,193:41:902:193,197:44:481:190,-208.5,0.0
1,list,GloriaHallelujah,after,193:41:902:193,405:43:689:190,-0.5,-0.5
1,playing-0,GloriaHallelujah,before,165:35:774:166,169:38:413:163,-178.5,0.0
1,playing-0,GloriaHallelujah,after,165:35:774:166,348:37:591:163,0.0,-0.5
1,list,ArchitectsDaughter,before,193:41:902:193,199:44:562:190,-167.0,0.0
1,list,ArchitectsDaughter,after,193:41:902:193,365:44:728:190,-1.0,0.0
1,playing-0,ArchitectsDaughter,before,165:35:774:166,171:38:483:163,-142.5,0.0
1,playing-0,ArchitectsDaughter,after,165:35:774:166,313:38:625:163,-0.5,0.0
1,list,ShadowsIntoLight,before,193:41:902:193,198:43:455:190,-221.0,-0.5
1,list,ShadowsIntoLight,after,193:41:902:193,418:43:675:190,-1.0,-0.5
1,playing-0,ShadowsIntoLight,before,165:35:774:166,170:37:391:163,-189.0,-0.5
1,playing-0,ShadowsIntoLight,after,165:35:774:166,359:37:579:163,-0.5,-0.5
2,list,Kalam,before,166:35:775:166,176:37:493:162,-136.0,-1.0
2,list,Kalam,after,166:35:775:166,312:37:629:162,0.0,-1.0
2,playing-0,Kalam,before,114:25:535:114,122:26:340:111,-93.5,-1.0
2,playing-0,Kalam,after,114:25:535:114,216:26:434:111,0.5,-1.0
2,list,PatrickHand,before,166:35:775:166,172:37:463:163,-153.0,-0.5
2,list,PatrickHand,after,166:35:775:166,325:37:616:163,0.0,-0.5
2,playing-0,PatrickHand,before,114:25:535:114,120:27:318:112,-105.5,0.0
2,playing-0,PatrickHand,after,114:25:535:114,225:26:424:112,0.0,-0.5
2,list,Caveat,before,166:35:775:166,175:37:450:162,-158.0,-1.0
2,list,Caveat,after,166:35:775:166,333:37:608:163,0.0,-0.5
2,playing-0,Caveat,before,114:25:535:114,121:26:310:112,-109.0,-0.5
2,playing-0,Caveat,after,114:25:535:114,231:26:420:112,1.0,-0.5
2,list,NanumPenScript,before,166:35:775:166,176:38:493:163,-136.0,0.0
2,list,NanumPenScript,after,166:35:775:166,312:38:629:163,0.0,0.0
2,playing-0,NanumPenScript,before,114:25:535:114,121:26:341:113,-93.5,0.0
2,playing-0,NanumPenScript,after,114:25:535:114,215:26:434:113,0.0,0.0
2,list,IndieFlower,before,166:35:775:166,176:37:406:164,-179.5,0.0
2,list,IndieFlower,after,166:35:775:166,356:37:586:164,0.5,0.0
2,playing-0,IndieFlower,before,114:25:535:114,122:26:279:113,-124.0,0.0
2,playing-0,IndieFlower,after,114:25:535:114,246:26:404:113,0.5,0.0
2,list,GloriaHallelujah,before,166:35:775:166,170:37:411:163,-180.0,-0.5
2,list,GloriaHallelujah,after,166:35:775:166,351:37:592:163,1.0,-0.5
2,playing-0,GloriaHallelujah,before,114:25:535:114,118:26:286:113,-122.5,0.0
2,playing-0,GloriaHallelujah,after,114:25:535:114,240:26:409:113,0.0,0.0
2,list,ArchitectsDaughter,before,166:35:775:166,172:37:483:163,-143.0,-0.5
2,list,ArchitectsDaughter,after,166:35:775:166,315:37:626:163,0.0,-0.5
2,playing-0,ArchitectsDaughter,before,114:25:535:114,119:26:333:113,-98.5,0.0
2,playing-0,ArchitectsDaughter,after,114:25:535:114,218:26:432:113,0.5,0.0
2,list,ShadowsIntoLight,before,166:35:775:166,172:38:392:164,-188.5,0.5
2,list,ShadowsIntoLight,after,166:35:775:166,361:38:581:164,0.5,0.5
2,playing-0,ShadowsIntoLight,before,114:25:535:114,118:27:269:112,-131.0,0.0
2,playing-0,ShadowsIntoLight,after,114:25:535:114,250:27:400:112,0.5,0.0
