orientation,font,region,equal_rgb_bytes
1,Kalam,list-badge,true
1,Kalam,playing-0-badge,true
1,Kalam,overflow-spine,true
1,Kalam,track-list,true
1,PatrickHand,list-badge,true
1,PatrickHand,playing-0-badge,true
1,PatrickHand,overflow-spine,true
1,PatrickHand,track-list,true
1,Caveat,list-badge,true
1,Caveat,playing-0-badge,true
1,Caveat,overflow-spine,true
1,Caveat,track-list,true
1,NanumPenScript,list-badge,true
1,NanumPenScript,playing-0-badge,true
1,NanumPenScript,overflow-spine,true
1,NanumPenScript,track-list,true
1,IndieFlower,list-badge,true
1,IndieFlower,playing-0-badge,true
1,IndieFlower,overflow-spine,true
1,IndieFlower,track-list,true
1,GloriaHallelujah,list-badge,true
1,GloriaHallelujah,playing-0-badge,true
1,GloriaHallelujah,overflow-spine,true
1,GloriaHallelujah,track-list,true
1,ArchitectsDaughter,list-badge,true
1,ArchitectsDaughter,playing-0-badge,true
1,ArchitectsDaughter,overflow-spine,true
1,ArchitectsDaughter,track-list,true
1,ShadowsIntoLight,list-badge,true
1,ShadowsIntoLight,playing-0-badge,true
1,ShadowsIntoLight,overflow-spine,true
1,ShadowsIntoLight,track-list,true
2,Kalam,list-badge,true
2,Kalam,playing-0-badge,true
2,Kalam,overflow-spine,true
2,Kalam,track-list,true
2,PatrickHand,list-badge,true
2,PatrickHand,playing-0-badge,true
2,PatrickHand,overflow-spine,true
2,PatrickHand,track-list,true
2,Caveat,list-badge,true
2,Caveat,playing-0-badge,true
2,Caveat,overflow-spine,true
2,Caveat,track-list,true
2,NanumPenScript,list-badge,true
2,NanumPenScript,playing-0-badge,true
2,NanumPenScript,overflow-spine,true
2,NanumPenScript,track-list,true
2,IndieFlower,list-badge,true
2,IndieFlower,playing-0-badge,true
2,IndieFlower,overflow-spine,true
2,IndieFlower,track-list,true
2,GloriaHallelujah,list-badge,true
2,GloriaHallelujah,playing-0-badge,true
2,GloriaHallelujah,overflow-spine,true
2,GloriaHallelujah,track-list,true
2,ArchitectsDaughter,list-badge,true
2,ArchitectsDaughter,playing-0-badge,true
2,ArchitectsDaughter,overflow-spine,true
2,ArchitectsDaughter,track-list,true
2,ShadowsIntoLight,list-badge,true
2,ShadowsIntoLight,playing-0-badge,true
2,ShadowsIntoLight,overflow-spine,true
2,ShadowsIntoLight,track-list,true
